Src_IP,Dst_IP,Src_Ports,Dst_Ports,F,S,R,P,A,U,Avg_Window,label
10.0.2.4,10.0.2.5,4,1000,1,1001,0,1,1,1,1150.1894317048852,
10.0.2.5,10.0.2.4,1000,4,0,0,1003,0,1002,0,0.0,
10.0.2.4,10.0.2.5,7,1000,3,1003,0,3,3,3,1400.3171456888008,
10.0.2.5,10.0.2.4,1000,7,0,0,1009,0,1006,0,0.0,
